,Unnamed: 0.12,Unnamed: 0.11,Unnamed: 0.10,Unnamed: 0.9,Unnamed: 0.8,Unnamed: 0.7,Unnamed: 0.6,Unnamed: 0.5,Unnamed: 0.4,Unnamed: 0.3,Unnamed: 0.2,Unnamed: 0.1,Unnamed: 0,id,price,beds,baths,parking,title,address,propertyType,status,bond,Coordinates,Latitude,Longitude
52,52,52,52,52,52,52,52,52,52,52,52,52,52,16089721,430.0,3,2,2,$430 Per Week,"12 Blackwood Drive, Delahey VIC 3037",House,new,1868.0,Requires Manual Inspection,R,e
89,89,89,89,89,89,89,89,89,89,89,89,89,89,16089605,730.0,4,2,2,$730,"17 Holly Green Road, Wheelers Hill VIC 3150",House,new,3172.0,Requires Manual Inspection,R,e
141,141,141,141,141,141,141,141,141,141,141,141,141,141,16089428,1200.0,4,2,2,"$1,200.00","59 York Aveune, Ivanhoe East VIC 3079",House,new,5214.0,Requires Manual Inspection,R,e
146,146,146,146,146,146,146,146,146,146,146,146,146,146,15034289,380.0,1,1,1,$380,"8/329 Orrong Road, Balaclava VIC 3183",Apartment / Unit / Flat,recentlyUpdated,1651.0,Requires Manual Inspection,R,e
148,148,148,148,148,148,148,148,148,148,148,148,148,148,16089407,460.0,4,2,2,$460.00,"23 Verdale Drive, Alfredton VIC 3350",House,new,1993.0,Requires Manual Inspection,R,e
153,153,153,153,153,153,153,153,153,153,153,153,153,153,16089385,440.0,1,1,1,$440,"909/91 Galada Street, Parkville VIC 3052",Apartment / Unit / Flat,new,1912.0,Requires Manual Inspection,R,e
184,184,184,184,184,184,184,184,184,184,184,184,184,184,16089251,440.0,4,2,2,$440 per week,"9B Killeen Avenue, Ballarat North VIC 3350",House,new,1907.0,Requires Manual Inspection,R,e
242,242,242,242,242,242,242,242,242,242,242,242,242,243,16089071,420.0,3,2,2,$420,"12 Wood Street, Mildura VIC 3500",House,new,1820.0,Requires Manual Inspection,R,e
275,275,275,275,275,275,275,275,275,275,275,275,275,276,16088937,395.0,2,1,1,$395 Per Week,"5/28 Southenhay Street, Reservoir VIC 3073",Apartment / Unit / Flat,new,1716.0,Requires Manual Inspection,R,e
319,319,319,319,319,319,319,319,319,319,319,319,319,320,16088756,420.0,3,2,1,$420,"7 Langer Road, Deanside VIC 3336",House,new,1820.0,Requires Manual Inspection,R,e
321,321,321,321,321,321,321,321,321,321,321,321,321,322,16088753,390.0,3,1,1,$390 per week,"1 Eades Place, Craigieburn VIC 3064",House,new,1695.0,Requires Manual Inspection,R,e
322,322,322,322,322,322,322,322,322,322,322,322,322,323,16088755,350.0,2,1,1,$350.00 per week,"5/173 Edward Street, Reservoir VIC 3073",Apartment / Unit / Flat,new,1521.0,Requires Manual Inspection,R,e
323,323,323,323,323,323,323,323,323,323,323,323,323,324,16088754,350.0,2,1,1,$350.00 per week,"5/173 Edward Street, Reservoir VIC 3073",Apartment / Unit / Flat,new,1521.0,Requires Manual Inspection,R,e
331,331,331,331,331,331,331,331,331,331,331,331,331,332,15416058,400.0,4,2,2,$400,"4 Coolbinia Avenue, Werribee VIC 3030",House,recentlyUpdated,1738.0,Requires Manual Inspection,R,e
402,402,402,402,402,402,402,402,402,402,402,402,402,403,14457416,420.0,3,2,2,"$420 pw / $1,825 pcm","10 Windeatt Court, Mill Park VIC 3082",House,recentlyUpdated,1825.0,Requires Manual Inspection,R,e
403,403,403,403,403,403,403,403,403,403,403,403,403,404,16088507,500.0,4,2,2,$500 per week,"34 Ironstone Crescent, Clyde VIC 3978",House,new,2173.0,Requires Manual Inspection,R,e
441,441,441,441,441,441,441,441,441,441,441,441,441,442,16088408,540.0,4,2,2,$540 pw,"11 Marsh Mays Road, Cairnlea VIC 3023",House,new,2346.0,Requires Manual Inspection,R,e
452,452,452,452,452,452,452,452,452,452,452,452,452,453,14682810,315.0,2,1,1,$315 per week,"3/11 Fishburn Grove, Melton West VIC 3337",Apartment / Unit / Flat,recentlyUpdated,1369.0,Requires Manual Inspection,R,e
531,531,531,531,531,531,531,531,531,531,531,531,531,534,16088114,530.0,4,2,2,$530 per week,"66 Holst Street, Armstrong Creek VIC 3217",House,new,2303.0,Requires Manual Inspection,R,e
557,557,557,557,557,557,557,557,557,557,557,557,557,560,16088033,525.0,2,1,1,$525 pw,"4/2A Simspon Street, Yarraville VIC 3013",Townhouse,new,2282.0,Requires Manual Inspection,R,e
564,564,564,564,564,564,564,564,564,564,564,564,564,567,16088022,370.0,3,2,2,$370,"369 McGrath Road Service Road, Wyndham Vale VIC 3024",House,new,1607.0,Requires Manual Inspection,R,e
609,609,609,609,609,609,609,609,609,609,609,609,609,612,16087834,650.0,2,1,0,$650.00 Per Week,"89 Beaves Road, Northcote VIC 3070",House,new,2824.0,Requires Manual Inspection,R,e
610,610,610,610,610,610,610,610,610,610,610,610,610,613,16087833,650.0,2,1,0,$650.00 Per Week,"89 Beaves Road, Northcote VIC 3070",House,new,2824.0,Requires Manual Inspection,R,e
653,653,653,653,653,653,653,653,653,653,653,653,653,656,16087698,700.0,4,2,2,$700 Per Week,"19 Strathfield Place, Croydon VIC 3136",House,new,3042.0,Requires Manual Inspection,R,e
683,683,683,683,683,683,683,683,683,683,683,683,683,686,16087591,400.0,3,2,2,$400,"3 Sapa Close, Truganina VIC 3029",House,new,1738.0,Requires Manual Inspection,R,e
787,787,787,787,787,787,787,787,787,787,787,787,787,790,16087259,375.0,3,1,1,$375,"3 Midway Cresent, Lalor VIC 3075",House,new,1625.0,Requires Manual Inspection,R,e
935,935,935,935,935,935,935,935,935,935,935,935,935,938,16086713,470.0,4,2,2,$470,"11 Coolbinia Avenue, Werribee VIC 3030",House,new,2042.0,Requires Manual Inspection,R,e
940,940,940,940,940,940,940,940,940,940,940,940,940,943,16086699,450.0,4,2,2,$450.00 per week,"55 Presentation Boulevard, Delacombe VIC 3356",House,new,1950.0,Requires Manual Inspection,R,e
962,962,962,962,962,962,962,962,962,962,962,962,962,965,16086632,420.0,4,2,2,$420 pw,"16 Verdale Drive, Alfredton VIC 3350",House,new,1680.0,Requires Manual Inspection,R,e
965,965,965,965,965,965,965,965,965,965,965,965,965,968,16086628,400.0,3,2,2,$400 weekly,"3 Dublin Street, Alfredton VIC 3350",House,new,1733.0,Requires Manual Inspection,R,e
1024,1024,1024,1024,1024,1024,1024,1024,1024,1024,1024,1024,1024,1027,16086431,700.0,2,1,0,$700 per week,"27 Duke Street, Prahran VIC 3181",House,new,3042.0,Requires Manual Inspection,R,e
1065,1065,1065,1065,1065,1065,1065,1065,1065,1065,1065,1065,1065,1068,15993305,375.0,2,1,2,$375 weekly,"Rear 1 Melissa St, Strathmore VIC 3041",Townhouse,recentlyUpdated,1625.0,Requires Manual Inspection,R,e
1079,1079,1079,1079,1079,1079,1079,1079,1079,1079,1079,1079,1079,1082,16086266,500.0,4,2,2,$500 per week,"3 Crowea Place, Lara VIC 3212",House,new,2173.0,Requires Manual Inspection,R,e
1081,1081,1081,1081,1081,1081,1081,1081,1081,1081,1081,1081,1081,1084,16086262,500.0,4,2,2,$500 per week,"322 Ohallorans Road, Lara VIC 3212",House,new,2173.0,Requires Manual Inspection,R,e
1093,1093,1093,1093,1093,1093,1093,1093,1093,1093,1093,1093,1093,1096,16086230,425.0,3,2,2,$425 pw,"17 Sotterra Walk, Fraser Rise VIC 3336",House,new,1847.0,Requires Manual Inspection,R,e
1176,1176,1176,1176,1176,1176,1176,1176,1176,1176,1176,1176,1176,1180,16085995,610.0,3,2,2,$610 per week,"66 Bayshore Ave, Clifton Springs VIC 3222",House,new,2651.0,Requires Manual Inspection,R,e
1198,1198,1198,1198,1198,1198,1198,1198,1198,1198,1198,1198,1198,1203,16069919,420.0,4,2,2,$420 per week,"3 Bixby Avenue, Wallan VIC 3756",House,recentlyUpdated,1825.0,Requires Manual Inspection,R,e
1267,1267,1267,1267,1267,1267,1267,1267,1267,1267,1267,1267,1267,1274,16085677,450.0,4,2,2,$450 Per Week,"22 Offaly Street, Alfredton VIC 3350",House,new,1955.0,Requires Manual Inspection,R,e
1269,1269,1269,1269,1269,1269,1269,1269,1269,1269,1269,1269,1269,1276,16085670,420.0,3,1,1,$420 per week,"4 Riddlestone Court, Narre Warren South VIC 3805",House,new,1825.0,Requires Manual Inspection,R,e
1317,1317,1317,1317,1317,1317,1317,1317,1317,1317,1317,1317,1317,1324,16085503,650.0,4,2,2,$650 per week,"1 Cassawory Place, Safety Beach VIC 3936",Townhouse,new,2824.0,Requires Manual Inspection,R,e
1358,1358,1358,1358,1358,1358,1358,1358,1358,1358,1358,1358,1358,1365,16085361,585.0,4,2,2,$585 per week,"26 William Street, Dromana VIC 3936",House,new,2524.0,Requires Manual Inspection,R,e
1381,1381,1381,1381,1381,1381,1381,1381,1381,1381,1381,1381,1381,1388,16085304,440.0,2,1,1,$440 pw,"10/182 Weatherall Road, Beaumaris VIC 3193",Apartment / Unit / Flat,new,1912.0,Requires Manual Inspection,R,e
1394,1394,1394,1394,1394,1394,1394,1394,1394,1394,1394,1394,1394,1401,16085250,550.0,3,3,10,$550,"86 Patterson Street, Beveridge VIC 3753",House,new,2390.0,Requires Manual Inspection,R,e
1429,1429,1429,1429,1429,1429,1429,1429,1429,1429,1429,1429,1429,1436,16085119,350.0,3,2,1,$350,"2/9 Satchville Street, Harkness VIC 3337",House,new,1516.0,Requires Manual Inspection,R,e
1442,1442,1442,1442,1442,1442,1442,1442,1442,1442,1442,1442,1442,1449,16085095,360.0,3,2,1,$360,"1/9 Satchville Avenue, Harkness VIC 3337",House,new,1560.0,Requires Manual Inspection,R,e
1481,1481,1481,1481,1481,1481,1481,1481,1481,1481,1481,1481,1481,1489,16084984,350.0,1,1,0,$350 per week,"11a/131 Lonsdale Sreet, Melbourne VIC 3000",Studio,new,1521.0,Requires Manual Inspection,R,e
1506,1506,1506,1506,1506,1506,1506,1506,1506,1506,1506,1506,1506,1514,9505829,500.0,3,2,2,$500,"18/72 Stanley Road (enter via Church Road), Keysborough VIC 3173",Apartment / Unit / Flat,recentlyUpdated,2173.0,Requires Manual Inspection,R,e
1524,1524,1524,1524,1524,1524,1524,1524,1524,1524,1524,1524,1524,1532,16084845,800.0,2,2,1,$800.00,"204/378-390 St George Road, Fitzroy North VIC 3068",Apartment / Unit / Flat,new,3476.0,Requires Manual Inspection,R,e
1534,1534,1534,1534,1534,1534,1534,1534,1534,1534,1534,1534,1534,1542,16084816,400.0,4,2,1,$400,"15 Midgard Road, Weir Views VIC 3338",House,new,1738.0,Requires Manual Inspection,R,e
1537,1537,1537,1537,1537,1537,1537,1537,1537,1537,1537,1537,1537,1545,16084811,370.0,2,1,1,$370,"14/115 Neerim Road, Glen Huntly VIC 3163",Apartment / Unit / Flat,new,1608.0,Requires Manual Inspection,R,e
1600,1600,1600,1600,1600,1600,1600,1600,1600,1600,1600,1600,1600,1608,15077749,420.0,3,2,1,$420,"5 Winds Walk, Greenvale VIC 3059",House,recentlyUpdated,1825.0,Requires Manual Inspection,R,e
1633,1633,1633,1633,1633,1633,1633,1633,1633,1633,1633,1633,1633,1641,16084429,430.0,4,2,2,$430.00,"9 Honeyeater Drive, Winter Valley VIC 3358",House,new,1863.0,Requires Manual Inspection,R,e
1651,1651,1651,1651,1651,1651,1651,1651,1651,1651,1651,1651,1651,1659,16084381,450.0,4,2,2,$450 Per Week,"387 Blackforest Road, Werribee VIC 3030",House,new,1955.0,Requires Manual Inspection,R,e
1663,1663,1663,1663,1663,1663,1663,1663,1663,1663,1663,1663,1663,1671,16084348,620.0,2,1,1,$620.00,"311/23 Osullivan Road, Glen Waverley VIC 3150",Apartment / Unit / Flat,new,2694.0,Requires Manual Inspection,R,e
1670,1670,1670,1670,1670,1670,1670,1670,1670,1670,1670,1670,1670,1678,15844428,320.0,2,1,0,$320,"925 Fuller Road, Foster VIC 3960",House,recentlyUpdated,1386.0,Requires Manual Inspection,R,e
1704,1704,1704,1704,1704,1704,1704,1704,1704,1704,1704,1704,1704,1712,16084197,440.0,3,1,1,$440.00,"59 Eagle View Crescent, Bell Post Hill VIC 3215",House,new,1912.0,Requires Manual Inspection,R,e
1750,1750,1750,1750,1750,1750,1750,1750,1750,1750,1750,1750,1750,1758,16084037,405.0,4,2,2,$405 pw,"78 Cottonfield Way, Brookfield VIC 3338",House,new,1760.0,Requires Manual Inspection,R,e
1771,1771,1771,1771,1771,1771,1771,1771,1771,1771,1771,1771,1771,1779,16083992,450.0,4,2,2,$450,"13 Mountleigh Circle, Craigieburn VIC 3064",House,new,1955.0,Requires Manual Inspection,R,e
1796,1796,1796,1796,1796,1796,1796,1796,1796,1796,1796,1796,1796,1804,15255512,410.0,5,2,1,$410,"14 Bellfield Court, Wyndham Vale VIC 3024",House,recentlyUpdated,1782.0,Requires Manual Inspection,R,e
1815,1815,1815,1815,1815,1815,1815,1815,1815,1815,1815,1815,1815,1823,16083837,550.0,3,1,1,"$550pw/$2,390pcm","13 Brenda Court, Nunawading VIC 3131",House,new,2390.0,Requires Manual Inspection,R,e
1843,1843,1843,1843,1843,1843,1843,1843,1843,1843,1843,1843,1843,1851,16083768,500.0,4,2,2,$500 per week,"2 Creekview Way, Cranbourne West VIC 3977",House,new,2173.0,Requires Manual Inspection,R,e
1861,1861,1861,1861,1861,1861,1861,1861,1861,1861,1861,1861,1861,1869,16083724,400.0,4,2,2,$400 per week,"37 Gershwin Court, Point Cook VIC 3030",Townhouse,live,1738.0,Requires Manual Inspection,R,e
1865,1865,1865,1865,1865,1865,1865,1865,1865,1865,1865,1865,1865,1873,16083710,320.0,2,1,1,$320.00 Per Week,"8/107 St Killians Street, Bendigo VIC 3550",Apartment / Unit / Flat,new,1390.0,Requires Manual Inspection,R,e
1917,1917,1917,1917,1917,1917,1917,1917,1917,1917,1917,1917,1917,1926,16083572,370.0,1,1,1,$370.00,"3/14 The Esplanade Null, Clifton Hill VIC 3068",Apartment / Unit / Flat,new,1608.0,Requires Manual Inspection,R,e
1919,1919,1919,1919,1919,1919,1919,1919,1919,1919,1919,1919,1919,1928,16083563,400.0,3,1,2,$400,"13 Burnett Court, Yarragon VIC 3823",House,new,1733.0,Requires Manual Inspection,R,e
1967,1967,1967,1967,1967,1967,1967,1967,1967,1967,1967,1967,1967,1976,13098750,570.0,4,2,2,$570 p.w.,"24 Swanston Street, Clyde North VIC 3978",House,recentlyUpdated,2447.0,Requires Manual Inspection,R,e
1974,1974,1974,1974,1974,1974,1974,1974,1974,1974,1974,1974,1974,1983,16083400,350.0,3,2,1,$350 per week/$1521 PCM,"22 Field Street, Wyndham Vale VIC 3024",House,new,1521.0,Requires Manual Inspection,R,e
2061,2061,2061,2061,2061,2061,2061,2061,2061,2061,2061,2061,2061,2070,16082979,430.0,2,1,1,$430,"33/25 Isparta Mews, Roxburgh Park VIC 3064",Townhouse,new,1864.0,Requires Manual Inspection,R,e
2075,2075,2075,2075,2075,2075,2075,2075,2075,2075,2075,2075,2075,2084,16082930,375.0,3,2,2,$375 per week,"3 Seventh Mews, Bacchus Marsh VIC 3340",House,live,1625.0,Requires Manual Inspection,R,e
2182,2182,2182,2182,2182,2182,2182,2182,2182,2182,2182,2182,2182,2192,16082557,475.0,3,2,2,$475 per week,"4 Cassinia Boulevard, Bacchus Marsh VIC 3340",House,live,2058.0,Requires Manual Inspection,R,e
2183,2183,2183,2183,2183,2183,2183,2183,2183,2183,2183,2183,2183,2193,16082553,370.0,3,1,2,$370,"915 Prices Lane, Ombersley VIC 3241",House,live,1607.0,Requires Manual Inspection,R,e
2197,2197,2197,2197,2197,2197,2197,2197,2197,2197,2197,2197,2197,2207,16082498,380.0,2,1,2,$380,"3 Everitt Street, Glenroy VIC 3046",House,live,1651.0,Requires Manual Inspection,R,e
2292,2292,2292,2292,2292,2292,2292,2292,2292,2292,2292,2292,2292,2303,16082189,850.0,3,2,2,$850 weekly,"21 Maple Walk, Moonee Ponds VIC 3039",Townhouse,live,3694.0,Requires Manual Inspection,R,e
2298,2298,2298,2298,2298,2298,2298,2298,2298,2298,2298,2298,2298,2309,16082170,450.0,4,2,2,$450.00,"50 Verdale Drive, Alfredton VIC 3350",House,live,1950.0,Requires Manual Inspection,R,e
2309,2309,2309,2309,2309,2309,2309,2309,2309,2309,2309,2309,2309,2320,16082109,520.0,4,2,2,$520.00,"37 Mullingar Drive, Alfredton VIC 3350",House,live,2253.0,Requires Manual Inspection,R,e
2311,2311,2311,2311,2311,2311,2311,2311,2311,2311,2311,2311,2311,2322,11383785,330.0,1,1,1,$330.00 per week,"3/5 Waterfern Grove, Greenvale VIC 3059",House,live,1434.0,Requires Manual Inspection,R,e
2315,2315,2315,2315,2315,2315,2315,2315,2315,2315,2315,2315,2315,2326,11705031,420.0,4,2,1,$420 Per Week,"8 Caleb Way, Plumpton VIC 3335",House,live,1825.0,Requires Manual Inspection,R,e
2331,2331,2331,2331,2331,2331,2331,2331,2331,2331,2331,2331,2331,2342,16082038,475.0,3,2,2,$475,"13 Bookleaf Road, Botanic Ridge VIC 3977",Townhouse,live,2064.0,Requires Manual Inspection,R,e
2334,2334,2334,2334,2334,2334,2334,2334,2334,2334,2334,2334,2334,2345,16082032,410.0,2,1,1,$410 per week,"1/14 Airey Street, Manifold Heights VIC 3218",Apartment / Unit / Flat,live,1781.0,Requires Manual Inspection,R,e
2352,2352,2352,2352,2352,2352,2352,2352,2352,2352,2352,2352,2352,2363,16081971,750.0,3,1,1,$750,"3/5 The Aveue, Windsor VIC 3181",Apartment / Unit / Flat,new,3259.0,Requires Manual Inspection,R,e
2353,2353,2353,2353,2353,2353,2353,2353,2353,2353,2353,2353,2353,2364,16081967,550.0,3,1,1,$550 per week,"House1B View Street, Pascoe Vale VIC 3044",House,live,2390.0,Requires Manual Inspection,R,e
2378,2378,2378,2378,2378,2378,2378,2378,2378,2378,2378,2378,2378,2389,16081875,525.0,4,2,2,$525.00 per week,"22 Fawkner Crescent, Armstrong Creek VIC 3217",House,live,2281.0,Requires Manual Inspection,R,e
2440,2440,2440,2440,2440,2440,2440,2440,2440,2440,2440,2440,2440,2452,15498583,200.0,1,1,1,$200pw / $869,"Room B 1115 Plenty Road, Bundoora VIC 3083",House,live,869.0,Requires Manual Inspection,R,e
2463,2463,2463,2463,2463,2463,2463,2463,2463,2463,2463,2463,2463,2475,16081571,420.0,3,2,2,$420 pw,"4 Shepherd Street, Wallan VIC 3756",House,live,1825.0,Requires Manual Inspection,R,e
2491,2491,2491,2491,2491,2491,2491,2491,2491,2491,2491,2491,2491,2503,16081453,480.0,3,1,0,$480 per week,"1 Belle Vue Avenue, Ringwood VIC 3134",House,live,2086.0,Requires Manual Inspection,R,e
2568,2568,2568,2568,2568,2568,2568,2568,2568,2568,2568,2568,2568,2580,16081211,410.0,4,2,2,$410 weekly,"41 Samuel Rd, Weir Views VIC 3338",House,live,1782.0,Requires Manual Inspection,R,e
2583,2583,2583,2583,2583,2583,2583,2583,2583,2583,2583,2583,2583,2595,16081174,330.0,1,1,1,$330 per week,"1/43 Lantana Road, Elsternwick VIC 3185",Apartment / Unit / Flat,live,1434.0,Requires Manual Inspection,R,e
2584,2584,2584,2584,2584,2584,2584,2584,2584,2584,2584,2584,2584,2596,16081169,410.0,4,2,2,$410,"11 Carfin Circuit, Thornhill Park VIC 3335",House,live,1782.0,Requires Manual Inspection,R,e
2673,2673,2673,2673,2673,2673,2673,2673,2673,2673,2673,2673,2673,2686,16080758,380.0,3,2,2,$380 per week,"104 Jester Drive, Melton South VIC 3338",House,live,1651.0,Requires Manual Inspection,R,e
2719,2719,2719,2719,2719,2719,2719,2719,2719,2719,2719,2719,2719,2732,16080581,890.0,3,1,2,$890 per week,"31 McIlwrick Street, Prahran VIC 3181",House,live,3867.0,Requires Manual Inspection,R,e
2742,2742,2742,2742,2742,2742,2742,2742,2742,2742,2742,2742,2742,2755,16080492,400.0,3,2,1,$400,"22 Annabel street, Deanside VIC 3336",House,live,1733.0,Requires Manual Inspection,R,e
2875,2875,2875,2875,2875,2875,2875,2875,2875,2875,2875,2875,2875,2888,16080043,450.0,3,2,2,$450,"22 Tinker Walk, Officer VIC 3809",Townhouse,live,1955.0,Requires Manual Inspection,R,e
2891,2891,2891,2891,2891,2891,2891,2891,2891,2891,2891,2891,2891,2904,16079965,750.0,4,3,2,$750.00,"25B Grovelands Road, Mulgrave VIC 3170",House,live,3259.0,Requires Manual Inspection,R,e
2931,2931,2931,2931,2931,2931,2931,2931,2931,2931,2931,2931,2931,2944,16079808,650.0,3,2,2,$650.00,"5 Le Fevre Street, Spotswood VIC 3015",Townhouse,live,2824.0,Requires Manual Inspection,R,e
2962,2962,2962,2962,2962,2962,2962,2962,2962,2962,2962,2962,2962,2975,16079703,370.0,2,1,1,$370,"1/11 Leonard Street, Glenroy VIC 3046",Apartment / Unit / Flat,live,1608.0,Requires Manual Inspection,R,e
3105,3105,3105,3105,3105,3105,3105,3105,3105,3105,3105,3105,3105,3119,16079210,420.0,2,1,4,$420 PER WEEK,"113 Outwaite Road, Heidelberg West VIC 3081",House,live,1825.0,Requires Manual Inspection,R,e
3217,3217,3217,3217,3217,3217,3217,3217,3217,3217,3217,3217,3217,3231,16078677,500.0,3,2,2,$500 per week,"12 Livingston Blvd, Benalla VIC 3672",House,live,2166.0,Requires Manual Inspection,R,e
3246,3246,3246,3246,3246,3246,3246,3246,3246,3246,3246,3246,3246,3260,16078569,300.0,2,1,0,$300 Per Week,"2/55 Coster Circuit, Traralgon VIC 3844",Apartment / Unit / Flat,live,1300.0,Requires Manual Inspection,R,e
3396,3396,3396,3396,3396,3396,3396,3396,3396,3396,3396,3396,3396,3410,16078049,550.0,4,2,2,$550 Wk,"15 Houghton Cresent, Eagle Point VIC 3878",House,live,2200.0,Requires Manual Inspection,R,e
3407,3407,3407,3407,3407,3407,3407,3407,3407,3407,3407,3407,3407,3421,16078002,550.0,2,1,1,$550 per week,"602/38 Albemarle, Kensington VIC 3031",Apartment / Unit / Flat,recentlyUpdated,2390.0,Requires Manual Inspection,R,e
3439,3439,3439,3439,3439,3439,3439,3439,3439,3439,3439,3439,3439,3453,16077911,350.0,2,1,1,$350.00 per week,"11/81 Grosvenor Street, St Kilda East VIC 3183",Apartment / Unit / Flat,live,1521.0,Requires Manual Inspection,R,e
3509,3509,3509,3509,3509,3509,3509,3509,3509,3509,3509,3509,3509,3523,16077694,360.0,2,1,1,$360 per week,"2/59 Strathaven Drive, Berwick VIC 3806",Apartment / Unit / Flat,live,1564.0,Requires Manual Inspection,R,e
3563,3563,3563,3563,3563,3563,3563,3563,3563,3563,3563,3563,3563,3577,16077532,390.0,4,2,1,$390 per week,"63 Princes Circuit, Wallan VIC 3756",House,leased,1695.0,Requires Manual Inspection,R,e
3663,3663,3663,3663,3663,3663,3663,3663,3663,3663,3663,3663,3663,3679,14948872,400.0,3,2,1,$400 Per Week,"15 Desmodium Street, Kalkallo VIC 3064",House,live,1738.0,Requires Manual Inspection,R,e
3695,3695,3695,3695,3695,3695,3695,3695,3695,3695,3695,3695,3695,3711,16066884,500.0,4,2,0,$500 per week,"61 Waterlinks Esplanade, Horsham VIC 3400",House,live,2172.0,Requires Manual Inspection,R,e
3705,3705,3705,3705,3705,3705,3705,3705,3705,3705,3705,3705,3705,3721,16077070,470.0,2,2,1,$470.00 per week,"3/430 Latrobe Terrace, Newtown VIC 3220",House,live,2042.0,Requires Manual Inspection,R,e
3719,3719,3719,3719,3719,3719,3719,3719,3719,3719,3719,3719,3719,3735,16077013,420.0,4,2,2,$420,"3 Annabel Street, Deanside VIC 3336",House,live,1825.0,Requires Manual Inspection,R,e
3737,3737,3737,3737,3737,3737,3737,3737,3737,3737,3737,3737,3737,3753,16076967,420.0,2,2,1,$420,"302/91 Wattlebird Court, Sunshine North VIC 3020",House,live,1825.0,Requires Manual Inspection,R,e
3771,3771,3771,3771,3771,3771,3771,3771,3771,3771,3771,3771,3771,3787,16076856,330.0,3,3,1,$330,"2 Viewpoint Street, Ararat VIC 3377",House,live,1434.0,Requires Manual Inspection,R,e
3780,3780,3780,3780,3780,3780,3780,3780,3780,3780,3780,3780,3780,3796,16076816,380.0,4,2,2,$380,"18 Perceval Place, Mambourin VIC 3024",House,live,1652.0,Requires Manual Inspection,R,e
3793,3793,3793,3793,3793,3793,3793,3793,3793,3793,3793,3793,3793,3809,16076777,430.0,4,2,4,$430 pw,"18 Cooloongup Crescent, Melton West VIC 3337",House,live,1868.0,Requires Manual Inspection,R,e
3804,3804,3804,3804,3804,3804,3804,3804,3804,3804,3804,3804,3804,3820,16076710,550.0,3,1,1,$550.00,"58 Lindisfarne Street, Burwood East VIC 3151",House,live,2390.0,Requires Manual Inspection,R,e
3856,3856,3856,3856,3856,3856,3856,3856,3856,3856,3856,3856,3856,3872,16076535,385.0,2,1,2,$385 per week,"4/107 Old Princess Highway, Beaconsfield VIC 3807",Apartment / Unit / Flat,live,1673.0,Requires Manual Inspection,R,e
3858,3858,3858,3858,3858,3858,3858,3858,3858,3858,3858,3858,3858,3874,15378752,450.0,4,2,2,$450 p.w.,"55 Wedgetail Drive, Winter Valley VIC 3358",House,live,1950.0,Requires Manual Inspection,R,e
3914,3914,3914,3914,3914,3914,3914,3914,3914,3914,3914,3914,3914,3930,16076345,630.0,5,2,0,$630.00,"8 Grey Street, Coburg VIC 3058",House,live,2738.0,Requires Manual Inspection,R,e
3923,3923,3923,3923,3923,3923,3923,3923,3923,3923,3923,3923,3923,3939,14192899,400.0,4,2,2,$400,"20 Bickley Street, Melton West VIC 3337",House,live,1738.0,Requires Manual Inspection,R,e
3942,3942,3942,3942,3942,3942,3942,3942,3942,3942,3942,3942,3942,3958,16076225,280.0,2,1,0,$280.00 Per Week,"5A Bolton Drive, Strathdale VIC 3550",House,live,1217.0,Requires Manual Inspection,R,e
3946,3946,3946,3946,3946,3946,3946,3946,3946,3946,3946,3946,3946,3962,16076207,400.0,2,2,2,$400,"Ground Level, Apartment 5, 33 Quay Boulevard, Werribee South VIC 3030",Apartment / Unit / Flat,live,1738.0,Requires Manual Inspection,R,e
3962,3962,3962,3962,3962,3962,3962,3962,3962,3962,3962,3962,3962,3978,15930196,450.0,2,1,1,$450 per week,"16/667 Glenhuntly Road, Caulfield VIC 3162",Apartment / Unit / Flat,live,1955.0,Requires Manual Inspection,R,e
3977,3977,3977,3977,3977,3977,3977,3977,3977,3977,3977,3977,3977,3993,16076117,700.0,4,3,2,$700 Per Week,"4 Kepsi Place, Croydon VIC 3136",House,live,3042.0,Requires Manual Inspection,R,e
4030,4030,4030,4030,4030,4030,4030,4030,4030,4030,4030,4030,4030,4046,16075967,550.0,2,2,1,$550.00,"2A Prince Edwards Avenue, McKinnon VIC 3204",Townhouse,live,2390.0,Requires Manual Inspection,R,e
4034,4034,4034,4034,4034,4034,4034,4034,4034,4034,4034,4034,4034,4050,10533956,695.0,3,2,2,$695,"8 LaFrank St, Burwood VIC 3125",Townhouse,live,3020.0,Requires Manual Inspection,R,e
4038,4038,4038,4038,4038,4038,4038,4038,4038,4038,4038,4038,4038,4054,16075936,500.0,4,2,2,$500,"25 Monomeath Street, Mickleham VIC 3064",House,live,2172.0,Requires Manual Inspection,R,e
4046,4046,4046,4046,4046,4046,4046,4046,4046,4046,4046,4046,4046,4062,16075894,650.0,3,2,3,$650,"10 Cineria Avenue, Ferntree Gully VIC 3156",House,live,2825.0,Requires Manual Inspection,R,e
4053,4053,4053,4053,4053,4053,4053,4053,4053,4053,4053,4053,4053,4069,16075880,400.0,2,1,1,$400.00 per week,"4/1110-1114 Glenhuntly Road, Glen Huntly VIC 3163",Apartment / Unit / Flat,live,1738.0,Requires Manual Inspection,R,e
4095,4095,4095,4095,4095,4095,4095,4095,4095,4095,4095,4095,4095,4111,11251299,440.0,4,2,1,$440.00,"5 Andersons Road, Kilmore VIC 3764",House,live,1907.0,Requires Manual Inspection,R,e
4236,4236,4236,4236,4236,4236,4236,4236,4236,4236,4236,4236,4236,4252,16075257,420.0,4,2,2,$420 per week,"6 Sprinter Way, Winter Valley VIC 3358",House,live,1820.0,Requires Manual Inspection,R,e
4237,4237,4237,4237,4237,4237,4237,4237,4237,4237,4237,4237,4237,4254,16075253,380.0,3,1,1,$380 per week,"Contact Agent, Maffra VIC 3860",House,live,1520.0,Requires Manual Inspection,R,e
4266,4266,4266,4266,4266,4266,4266,4266,4266,4266,4266,4266,4266,4284,16075145,450.0,3,1,1,$450 weekly,"Rear 95 Springvale Road, Springvale VIC 3171",House,live,1955.0,Requires Manual Inspection,R,e
4415,4415,4415,4415,4415,4415,4415,4415,4415,4415,4415,4415,4415,4433,16074270,420.0,3,2,1,$420 Per Week,"13 Valiant Street, Deanside VIC 3336",Townhouse,live,1820.0,Requires Manual Inspection,R,e
4475,4475,4475,4475,4475,4475,4475,4475,4475,4475,4475,4475,4475,4493,16007846,420.0,4,2,2,$420 per week,"29 Walters Way, Alfredton VIC 3350",House,leased,1825.0,Requires Manual Inspection,R,e
4512,4512,4512,4512,4512,4512,4512,4512,4512,4512,4512,4512,4512,4530,16073916,850.0,4,1,0,$850.00,"269 Glenlyon Street, Fitzroy North VIC 3068",House,live,3693.0,Requires Manual Inspection,R,e
4515,4515,4515,4515,4515,4515,4515,4515,4515,4515,4515,4515,4515,4533,16073905,395.0,4,2,2,$395 PER WEEK,"18 Brittle Street, Wyndham Vale VIC 3024",House,live,1717.0,Requires Manual Inspection,R,e
4535,4535,4535,4535,4535,4535,4535,4535,4535,4535,4535,4535,4535,4553,16073835,375.0,4,2,2,$375 Per Week,"53 James Melrose Drive St, Brookfield VIC 3338",House,live,1630.0,Requires Manual Inspection,R,e
4565,4565,4565,4565,4565,4565,4565,4565,4565,4565,4565,4565,4565,4583,16073733,460.0,4,2,3,$460 per week,"1 Warbler Court, Winter Valley VIC 3358",House,live,1993.0,Requires Manual Inspection,R,e
4569,4569,4569,4569,4569,4569,4569,4569,4569,4569,4569,4569,4569,4587,16073724,350.0,3,2,2,$350pw/ $1521pcm,"24 Lady Penrhyn Drive, Melton West VIC 3337",House,leased,1521.0,Requires Manual Inspection,R,e
4570,4570,4570,4570,4570,4570,4570,4570,4570,4570,4570,4570,4570,4588,16073725,340.0,4,2,2,$340pw/ $1477 pcm,"5 Gillespie Drive, Melton South VIC 3338",House,live,1477.0,Requires Manual Inspection,R,e
4601,4601,4601,4601,4601,4601,4601,4601,4601,4601,4601,4601,4601,4619,16073621,340.0,2,1,2,$340,"86 Nelson Drive, Altona Meadows VIC 3028",House,live,1477.0,Requires Manual Inspection,R,e
4627,4627,4627,4627,4627,4627,4627,4627,4627,4627,4627,4627,4627,4645,16073485,300.0,2,1,2,$300.00 per week,"1130 Armstrong Street, Ballarat North VIC 3350",House,live,1303.0,Requires Manual Inspection,R,e
4632,4632,4632,4632,4632,4632,4632,4632,4632,4632,4632,4632,4632,4651,16073476,460.0,4,2,2,$460 pw,"11 St Laurent Boulevarde, Point Cook VIC 3030",House,live,1999.0,Requires Manual Inspection,R,e
4640,4640,4640,4640,4640,4640,4640,4640,4640,4640,4640,4640,4640,4659,16073424,390.0,2,1,1,$390PW / AVAIL. 26.09.22,"2/63 Grey Steet, Traralgon VIC 3844",House,live,1695.0,Requires Manual Inspection,R,e
4660,4660,4660,4660,4660,4660,4660,4660,4660,4660,4660,4660,4660,4679,16073337,450.0,3,2,1,$450,"17 Mollison Avenue, Dandenong North VIC 3175",House,live,1955.0,Requires Manual Inspection,R,e
4674,4674,4674,4674,4674,4674,4674,4674,4674,4674,4674,4674,4674,4693,16073276,440.0,4,2,2,$440 per week,"32 Echidna Drive, Beveridge VIC 3753",House,live,1912.0,Requires Manual Inspection,R,e
4685,4685,4685,4685,4685,4685,4685,4685,4685,4685,4685,4685,4685,4704,16073233,495.0,3,2,2,$495 weekly,"1 Fowler Walk, Sunbury VIC 3429",House,recentlyUpdated,2151.0,Requires Manual Inspection,R,e
4703,4703,4703,4703,4703,4703,4703,4703,4703,4703,4703,4703,4703,4722,16073139,500.0,3,2,2,$500 wk,"67 Weir Loop, Bundoora VIC 3083",House,live,2173.0,Requires Manual Inspection,R,e
4731,4731,4731,4731,4731,4731,4731,4731,4731,4731,4731,4731,4731,4750,16073046,1200.0,3,2,2,$1200 per week,"Penthouse 203, 6/Penthouse 203, 6 Fernhill Rd, Sandringham VIC 3191",Apartment / Unit / Flat,live,6000.0,Requires Manual Inspection,R,e
4748,4748,4748,4748,4748,4748,4748,4748,4748,4748,4748,4748,4748,4767,16072994,430.0,3,2,2,$430,"1 Cerulean Walk, Craigieburn VIC 3064",Townhouse,live,1869.0,Requires Manual Inspection,R,e
4846,4846,4846,4846,4846,4846,4846,4846,4846,4846,4846,4846,4846,4865,16072613,685.0,3,1,1,$685,"401/83 Queensbridge Street, Southbank VIC 3006",House,live,2976.0,Requires Manual Inspection,R,e
4866,4866,4866,4866,4866,4866,4866,4866,4866,4866,4866,4866,4866,4885,16072516,480.0,4,2,2,$480,"14 Valiant Street, Deanside VIC 3336",House,live,2080.0,Requires Manual Inspection,R,e
4940,4940,4940,4940,4940,4940,4940,4940,4940,4940,4940,4940,4940,4959,16072277,450.0,4,2,2,$450 Per Week pw,"44 Ruislip Avenue, Strathtulloh VIC 3338",House,live,1955.0,Requires Manual Inspection,R,e
4952,4952,4952,4952,4952,4952,4952,4952,4952,4952,4952,4952,4952,4971,16072222,430.0,3,2,1,$430 per week,"15 Tanzanite Circuit, Craigieburn VIC 3064",Townhouse,live,1868.0,Requires Manual Inspection,R,e
4960,4960,4960,4960,4960,4960,4960,4960,4960,4960,4960,4960,4960,4979,16072192,400.0,4,2,2,$400 weekly,"9 Smile Crescent, Lot 451, Wyndham Vale VIC 3024",House,live,1738.0,Requires Manual Inspection,R,e
4987,4987,4987,4987,4987,4987,4987,4987,4987,4987,4987,4987,4987,5006,16072076,390.0,3,2,1,$390 Per Week,"1/1 Lockwood Court, Plumpton VIC 3335",Apartment / Unit / Flat,live,1694.0,Requires Manual Inspection,R,e
4988,4988,4988,4988,4988,4988,4988,4988,4988,4988,4988,4988,4988,5007,16072075,950.0,3,2,2,$950 per week,"6/13 Wrexham Road, Prahran VIC 3181",Townhouse,live,4750.0,Requires Manual Inspection,R,e
5037,5037,5037,5037,5037,5037,5037,5037,5037,5037,5037,5037,5037,5056,15802327,420.0,3,2,3,$420 per week/$1820 per month,"11a Wellington Street, Bacchus Marsh VIC 3340",Apartment / Unit / Flat,live,1820.0,Requires Manual Inspection,R,e
5076,5076,5076,5076,5076,5076,5076,5076,5076,5076,5076,5076,5076,5095,16071636,460.0,4,2,2,$460,"7 Jonquil Walk, Diggers Rest VIC 3427",Townhouse,live,1999.0,Requires Manual Inspection,R,e
5138,5138,5138,5138,5138,5138,5138,5138,5138,5138,5138,5138,5138,5157,16071316,400.0,3,2,2,$400,"13 Hawkstone Road, Wyndham Vale VIC 3024",House,live,1738.0,Requires Manual Inspection,R,e
5158,5158,5158,5158,5158,5158,5158,5158,5158,5158,5158,5158,5158,5177,16071214,430.0,4,2,2,$430.00,"6 Herridge Street, Mickleham VIC 3064",House,live,1868.0,Requires Manual Inspection,R,e
5231,5231,5231,5231,5231,5231,5231,5231,5231,5231,5231,5231,5231,5251,16070815,325.0,1,1,1,$325.00,"1/91 Grosvenor Street, St Kilda East VIC 3183",Apartment / Unit / Flat,live,1412.0,Requires Manual Inspection,R,e
5273,5273,5273,5273,5273,5273,5273,5273,5273,5273,5273,5273,5273,5294,16070629,480.0,4,2,2,$480 per week,"33 Hardie Place, Stratford VIC 3862",House,live,1920.0,Requires Manual Inspection,R,e
5412,5412,5412,5412,5412,5412,5412,5412,5412,5412,5412,5412,5412,5435,16069811,450.0,3,2,1,$450 pw,"19 Handsworth Court, Tullamarine VIC 3043",House,live,1955.0,Requires Manual Inspection,R,e
5431,5431,5431,5431,5431,5431,5431,5431,5431,5431,5431,5431,5431,5454,16069726,480.0,4,2,2,$480 Per Week,"4 Yerrim Lane, Sydenham VIC 3037",House,live,2086.0,Requires Manual Inspection,R,e
5435,5435,5435,5435,5435,5435,5435,5435,5435,5435,5435,5435,5435,5458,10234512,400.0,2,1,1,$400.00 per week,"6/23 Carlisle Avenue, St Kilda East VIC 3183",Apartment / Unit / Flat,live,1738.0,Requires Manual Inspection,R,e
5458,5458,5458,5458,5458,5458,5458,5458,5458,5458,5458,5458,5458,5481,16069608,450.0,4,2,2,$450,"23 Social Street, Tarneit VIC 3029",House,live,1955.0,Requires Manual Inspection,R,e
5569,5569,5569,5569,5569,5569,5569,5569,5569,5569,5569,5569,5569,5592,16069019,350.0,2,1,1,$350 per week,"4/Lot 5, 39 Weebar Road, Drouin VIC 3818",House,live,1521.0,Requires Manual Inspection,R,e
5575,5575,5575,5575,5575,5575,5575,5575,5575,5575,5575,5575,5575,5598,16068966,415.0,1,1,1,$415.00,"5/17 Ellesmere Road, Prahran VIC 3181",Apartment / Unit / Flat,live,1803.0,Requires Manual Inspection,R,e
5670,5670,5670,5670,5670,5670,5670,5670,5670,5670,5670,5670,5670,5693,16068549,480.0,4,2,2,$480.00 per week,"13 Plymouth Way, Smythes Creek VIC 3351",House,live,2080.0,Requires Manual Inspection,R,e
5697,5697,5697,5697,5697,5697,5697,5697,5697,5697,5697,5697,5697,5720,16068447,695.0,3,2,0,$695 Per Week,"2/16 Green Street, Prahran VIC 3181",House,recentlyUpdated,3020.0,Requires Manual Inspection,R,e
5718,5718,5718,5718,5718,5718,5718,5718,5718,5718,5718,5718,5718,5741,16068352,490.0,3,2,1,$490pw,"12 Arya Way, Charlemont VIC 3217",House,live,2124.0,Requires Manual Inspection,R,e
5728,5728,5728,5728,5728,5728,5728,5728,5728,5728,5728,5728,5728,5751,16068317,500.0,4,2,2,$500,"385 Mount Lookout Road, Ellaswood VIC 3875",House,live,2166.0,Requires Manual Inspection,R,e
5732,5732,5732,5732,5732,5732,5732,5732,5732,5732,5732,5732,5732,5755,16023047,600.0,4,2,2,$600 weekly,"17 Glen Cairn Avenue, Ringwood VIC 3134",House,live,2607.0,Requires Manual Inspection,R,e
5784,5784,5784,5784,5784,5784,5784,5784,5784,5784,5784,5784,5784,5807,16068071,750.0,3,2,2,$750 per week,"46 Loyola Grove, Richmond VIC 3121",House,live,3259.0,Requires Manual Inspection,R,e
5788,5788,5788,5788,5788,5788,5788,5788,5788,5788,5788,5788,5788,5811,16068062,470.0,4,2,2,$470 weekly,"12 Namatjira Boulevard, Huntly VIC 3551",House,live,2042.0,Requires Manual Inspection,R,e
5791,5791,5791,5791,5791,5791,5791,5791,5791,5791,5791,5791,5791,5814,16068056,1100.0,3,2,0,$1100 per week,"25 Chestnut Street, Richmond VIC 3121",House,live,4780.0,Requires Manual Inspection,R,e
5815,5815,5815,5815,5815,5815,5815,5815,5815,5815,5815,5815,5815,5838,16067953,450.0,1,1,0,$450pw / $1955pcm,"Rear 469 Nicholson Street, Carlton North VIC 3054",Apartment / Unit / Flat,live,1955.0,Requires Manual Inspection,R,e
5831,5831,5831,5831,5831,5831,5831,5831,5831,5831,5831,5831,5831,5854,16067865,530.0,4,2,2,$530 pw,"15 Webster Street, Carrum Downs VIC 3201",House,live,2303.0,Requires Manual Inspection,R,e
5851,5851,5851,5851,5851,5851,5851,5851,5851,5851,5851,5851,5851,5874,14978068,515.0,2,2,1,$515,"7/151 Neerim Road, Glen Huntly VIC 3163",Townhouse,live,2238.0,Requires Manual Inspection,R,e
5860,5860,5860,5860,5860,5860,5860,5860,5860,5860,5860,5860,5860,5883,16067726,450.0,3,2,2,$450.00,"1/14 Chesley Street, Ardeer VIC 3022",Townhouse,live,1956.0,Requires Manual Inspection,R,e
5897,5897,5897,5897,5897,5897,5897,5897,5897,5897,5897,5897,5897,5921,16067570,820.0,4,3,3,$820,"1/16 Sweetland Road, Box Hill North VIC 3129",Townhouse,live,3553.0,Requires Manual Inspection,R,e
5923,5923,5923,5923,5923,5923,5923,5923,5923,5923,5923,5923,5923,5947,16067461,520.0,4,2,2,$520 per week,"8 Bollinger Way, Waurn Ponds VIC 3216",House,live,2080.0,Requires Manual Inspection,R,e
5932,5932,5932,5932,5932,5932,5932,5932,5932,5932,5932,5932,5932,5956,16067431,430.0,4,2,2,$430,"13 Ballad St, Strathtulloh VIC 3338",House,live,1868.0,Requires Manual Inspection,R,e
6013,6013,6013,6013,6013,6013,6013,6013,6013,6013,6013,6013,6013,6037,16067018,600.0,4,2,2,$600 per week,"6 Silver Leaf Way, Delacombe VIC 3356",House,live,2600.0,Requires Manual Inspection,R,e
6146,6146,6146,6146,6146,6146,6146,6146,6146,6146,6146,6146,6146,6170,16066312,520.0,4,2,2,$520 Per Week,"16 Manley Circuit, Traralgon VIC 3844",House,live,2253.0,Requires Manual Inspection,R,e
6249,6249,6249,6249,6249,6249,6249,6249,6249,6249,6249,6249,6249,6274,15001205,385.0,2,1,1,$385,"2/46 Mundy Street, South Geelong VIC 3220",Apartment / Unit / Flat,live,1672.0,Requires Manual Inspection,R,e
6293,6293,6293,6293,6293,6293,6293,6293,6293,6293,6293,6293,6293,6318,16065544,580.0,2,1,0,$580pw/$2520pcm,"104 Paterson Street, Carlton North VIC 3054",House,live,2520.0,Requires Manual Inspection,R,e
6332,6332,6332,6332,6332,6332,6332,6332,6332,6332,6332,6332,6332,6357,16059980,440.0,4,2,1,$440 Per Week,"46 Joey Crescent, Deanside VIC 3336",House,live,1912.0,Requires Manual Inspection,R,e
6358,6358,6358,6358,6358,6358,6358,6358,6358,6358,6358,6358,6358,6383,16065223,415.0,4,3,2,$415.00 per week,"41 Gershwin Street, Point Cook VIC 3030",House,live,1803.0,Requires Manual Inspection,R,e
6362,6362,6362,6362,6362,6362,6362,6362,6362,6362,6362,6362,6362,6387,16065192,425.0,2,1,1,$425.00 per week,"503/8 Station Street, Caulfield North VIC 3161",Apartment / Unit / Flat,live,1846.0,Requires Manual Inspection,R,e
6411,6411,6411,6411,6411,6411,6411,6411,6411,6411,6411,6411,6411,6437,16064887,550.0,2,2,0,$550 per week,"1806/673 Latrobe Street, Docklands VIC 3008",Apartment / Unit / Flat,live,2390.0,Requires Manual Inspection,R,e
6449,6449,6449,6449,6449,6449,6449,6449,6449,6449,6449,6449,6449,6475,16064700,320.0,3,1,1,$320 per week,"1/4 Murray Road, Melton South VIC 3338",House,live,1391.0,Requires Manual Inspection,R,e
6481,6481,6481,6481,6481,6481,6481,6481,6481,6481,6481,6481,6481,6507,16064560,185.0,1,1,1,$185,"Room 3, 93 Fogarty Avenue, Highton VIC 3216",House,live,740.0,Requires Manual Inspection,R,e
6500,6500,6500,6500,6500,6500,6500,6500,6500,6500,6500,6500,6500,6526,16064455,850.0,3,2,2,$850 per week,"4/23 Maple Walk, Moonee Ponds VIC 3039",Townhouse,live,3693.0,Requires Manual Inspection,R,e
6531,6531,6531,6531,6531,6531,6531,6531,6531,6531,6531,6531,6531,6557,13646734,440.0,3,2,2,$440 p.w.,"20 Whitegum Way, Cranbourne North VIC 3977",House,live,1912.0,Requires Manual Inspection,R,e
6551,6551,6551,6551,6551,6551,6551,6551,6551,6551,6551,6551,6551,6577,16064169,440.0,4,2,2,$440 pw,"18 Mountain Ash Circuit, Winter Valley VIC 3358",House,live,1760.0,Requires Manual Inspection,R,e
6658,6658,6658,6658,6658,6658,6658,6658,6658,6658,6658,6658,6658,6684,16063556,390.0,3,2,2,$390,"14 Lady Penryhn Avenue, Wyndham Vale VIC 3024",House,live,1695.0,Requires Manual Inspection,R,e
6659,6659,6659,6659,6659,6659,6659,6659,6659,6659,6659,6659,6659,6685,12079228,380.0,3,1,1,$380 Per Week,"23 Golflinks Drive, Mill Park VIC 3082",House,live,1651.0,Requires Manual Inspection,R,e
6711,6711,6711,6711,6711,6711,6711,6711,6711,6711,6711,6711,6711,6737,16063297,385.0,1,1,1,$385 pw,"4/28 Raleigh Street, Prahran VIC 3181",Apartment / Unit / Flat,live,1673.0,Requires Manual Inspection,R,e
6763,6763,6763,6763,6763,6763,6763,6763,6763,6763,6763,6763,6763,6789,16063062,500.0,4,2,2,$500 p.w.,"24 Keskadale Way, Clyde North VIC 3978",House,live,2216.0,Requires Manual Inspection,R,e
6784,6784,6784,6784,6784,6784,6784,6784,6784,6784,6784,6784,6784,6810,16062958,480.0,3,2,1,"$480 PW / $2,086 PCM","18 Coupling Way, Glenroy VIC 3046",Townhouse,live,2086.0,Requires Manual Inspection,R,e
6787,6787,6787,6787,6787,6787,6787,6787,6787,6787,6787,6787,6787,6813,16062955,1250.0,5,2,5,"$1,250 per week","3 Raymond Grv, Caulfield South VIC 3162",House,live,5432.0,Requires Manual Inspection,R,e
6800,6800,6800,6800,6800,6800,6800,6800,6800,6800,6800,6800,6800,6826,16062873,445.0,3,2,2,$445 per week,"34 Precinct Walk, Clyde North VIC 3978",House,live,1934.0,Requires Manual Inspection,R,e
6872,6872,6872,6872,6872,6872,6872,6872,6872,6872,6872,6872,6872,6898,15323041,500.0,4,3,2,$500 per week,"10 Quintino Walk, Clyde North VIC 3978",House,live,2173.0,Requires Manual Inspection,R,e
6913,6913,6913,6913,6913,6913,6913,6913,6913,6913,6913,6913,6913,6939,16062091,400.0,3,1,2,$400 per week,"22 Somerton Court, Bacchus Marsh VIC 3340",House,live,1738.0,Requires Manual Inspection,R,e
6969,6969,6969,6969,6969,6969,6969,6969,6969,6969,6969,6969,6969,6996,16061686,440.0,3,2,2,$440 Per Week,"6 Bolton Grove, Officer VIC 3809",House,live,1912.0,Requires Manual Inspection,R,e
6978,6978,6978,6978,6978,6978,6978,6978,6978,6978,6978,6978,6978,7005,16061642,300.0,2,1,1,$300 PW,"3/12 Louis Avenue, Dandenong North VIC 3175",Apartment / Unit / Flat,live,1304.0,Requires Manual Inspection,R,e
7005,7005,7005,7005,7005,7005,7005,7005,7005,7005,7005,7005,7005,7033,16061484,460.0,4,2,2,$460.00 Per Week,"7 Annabel Street, Deanside VIC 3336",House,live,1999.0,Requires Manual Inspection,R,e
7034,7034,7034,7034,7034,7034,7034,7034,7034,7034,7034,7034,7034,7062,16061341,575.0,2,1,1,$575.00,"Rear 221 Brunswick Street, Fitzroy VIC 3065",House,live,2498.0,Requires Manual Inspection,R,e
7092,7092,7092,7092,7092,7092,7092,7092,7092,7092,7092,7092,7092,7120,16061007,400.0,3,1,4,$400.00,"21 Clairmont Avenue, Albion VIC 3020",House,live,1738.0,Requires Manual Inspection,R,e
7123,7123,7123,7123,7123,7123,7123,7123,7123,7123,7123,7123,7123,7151,15249020,380.0,2,1,1,$380,"112/115 Neerim Road, Glen Huntly VIC 3163",Apartment / Unit / Flat,live,1651.0,Requires Manual Inspection,R,e
7129,7129,7129,7129,7129,7129,7129,7129,7129,7129,7129,7129,7129,7157,16060792,495.0,4,1,3,$495,"2/53 Tristana Street, Doveton VIC 3177",House,recentlyUpdated,2151.0,Requires Manual Inspection,R,e
7220,7220,7220,7220,7220,7220,7220,7220,7220,7220,7220,7220,7220,7249,15214573,370.0,3,2,2,$370,"9 Roller Walk, Pakenham VIC 3810",Townhouse,live,1607.0,Requires Manual Inspection,R,e
7222,7222,7222,7222,7222,7222,7222,7222,7222,7222,7222,7222,7222,7251,16060011,390.0,3,2,2,$390 Per Week,"13 Caprara Street, Kalkallo VIC 3064",House,leased,1694.0,Requires Manual Inspection,R,e
7249,7249,7249,7249,7249,7249,7249,7249,7249,7249,7249,7249,7249,7278,16059868,825.0,3,1,1,$825 per week,"43 Chestnut Street, Richmond VIC 3121",House,live,3585.0,Requires Manual Inspection,R,e
7280,7280,7280,7280,7280,7280,7280,7280,7280,7280,7280,7280,7280,7309,16059645,320.0,1,1,0,$320.00,"Rear 445 George Street, Fitzroy VIC 3065",Studio,live,1390.0,Requires Manual Inspection,R,e
7364,7364,7364,7364,7364,7364,7364,7364,7364,7364,7364,7364,7364,7393,15101942,425.0,4,2,2,$425 per week,"71 Callaway Street, Wyndham Vale VIC 3024",House,live,1847.0,Requires Manual Inspection,R,e
7408,7408,7408,7408,7408,7408,7408,7408,7408,7408,7408,7408,7408,7437,16058688,600.0,2,2,1,$600.00 per week,"605/51 Thislethwaite Street, South Melbourne VIC 3205",Apartment / Unit / Flat,live,2607.0,Requires Manual Inspection,R,e
7481,7481,7481,7481,7481,7481,7481,7481,7481,7481,7481,7481,7481,7510,16058002,750.0,3,1,1,$750 per week,"12 Gertrude Street, Prahran VIC 3181",House,live,3259.0,Requires Manual Inspection,R,e
7510,7510,7510,7510,7510,7510,7510,7510,7510,7510,7510,7510,7510,7539,16057804,390.0,3,1,3,$390.00 per week,"A Property Address Available on Application, Scotsburn VIC 3352",House,live,1690.0,Requires Manual Inspection,R,e
7513,7513,7513,7513,7513,7513,7513,7513,7513,7513,7513,7513,7513,7542,16057789,460.0,3,2,2,$460.00 per week,"17 Abeckett Road, Bunyip VIC 3815",House,live,1999.0,Requires Manual Inspection,R,e
7533,7533,7533,7533,7533,7533,7533,7533,7533,7533,7533,7533,7533,7562,16057622,440.0,4,2,2,$440 per week,"10 Echidna Drive, Beveridge VIC 3753",House,live,1912.0,Requires Manual Inspection,R,e
7548,7548,7548,7548,7548,7548,7548,7548,7548,7548,7548,7548,7548,7577,16057525,490.0,1,1,1,$490 per week,"111/378-390 Saint Georges Road, Fitzroy North VIC 3068",Apartment / Unit / Flat,live,2129.0,Requires Manual Inspection,R,e
7589,7589,7589,7589,7589,7589,7589,7589,7589,7589,7589,7589,7589,7618,16057206,420.0,3,2,2,$420.00 Per Week,"12 Langer Road, Deanside VIC 3336",House,live,1825.0,Requires Manual Inspection,R,e
7613,7613,7613,7613,7613,7613,7613,7613,7613,7613,7613,7613,7613,7642,16056983,590.0,5,3,2,LEASED AT $590 PER WEEK!,"28 Fold Circuit, Bonnie Brook VIC 3335",House,live,2564.0,Requires Manual Inspection,R,e
7665,7665,7665,7665,7665,7665,7665,7665,7665,7665,7665,7665,7665,7694,16056556,430.0,4,2,2,$430pw,"23 Tarrengower Street, Donnybrook VIC 3064",House,live,1868.0,Requires Manual Inspection,R,e
7672,7672,7672,7672,7672,7672,7672,7672,7672,7672,7672,7672,7672,7701,16056498,400.0,3,2,1,$400,"31 Tucholsky Drive, Kalkallo VIC 3064",House,live,1738.0,Requires Manual Inspection,R,e
7685,7685,7685,7685,7685,7685,7685,7685,7685,7685,7685,7685,7685,7714,16056368,420.0,4,2,2,$420,"1 Crepe Myrtle Close, Melton West VIC 3337",House,live,1825.0,Requires Manual Inspection,R,e
7706,7706,7706,7706,7706,7706,7706,7706,7706,7706,7706,7706,7706,7735,16056231,590.0,3,1,0,$590pw / $2564pcm,"22 Oconnor Street, Brunswick East VIC 3057",House,live,2564.0,Requires Manual Inspection,R,e
7807,7807,7807,7807,7807,7807,7807,7807,7807,7807,7807,7807,7807,7838,15991988,275.0,1,1,1,$275,"10/91 Grosvenor Street, St Kilda East VIC 3183",Apartment / Unit / Flat,live,1195.0,Requires Manual Inspection,R,e
7879,7879,7879,7879,7879,7879,7879,7879,7879,7879,7879,7879,7879,7911,16054729,460.0,4,2,2,$460,"9 Annabel Street, Deanside VIC 3336",House,live,1993.0,Requires Manual Inspection,R,e
7906,7906,7906,7906,7906,7906,7906,7906,7906,7906,7906,7906,7906,7938,15351889,670.0,3,3,2,$670 per week,"4/15 Mccubin Street, Burwood VIC 3125",Townhouse,live,2911.0,Requires Manual Inspection,R,e
7948,7948,7948,7948,7948,7948,7948,7948,7948,7948,7948,7948,7948,7980,16054244,440.0,4,2,2,$440,"10 Mackinac Avenue, Wallan VIC 3756",House,live,1912.0,Requires Manual Inspection,R,e
7981,7981,7981,7981,7981,7981,7981,7981,7981,7981,7981,7981,7981,8013,15220991,550.0,2,2,1,$550 per week,"102/9 Village Avenue, Brunswick East VIC 3057",Apartment / Unit / Flat,live,2173.0,Requires Manual Inspection,R,e
8067,8067,8067,8067,8067,8067,8067,8067,8067,8067,8067,8067,8067,8100,16053423,480.0,4,2,2,$480,"6 Respite Way, Diggers Rest VIC 3427",House,live,2086.0,Requires Manual Inspection,R,e
8070,8070,8070,8070,8070,8070,8070,8070,8070,8070,8070,8070,8070,8103,16053403,430.0,3,2,1,$430 weekly,"19 Keskadale Way, Clyde North VIC 3978",House,live,1868.0,Requires Manual Inspection,R,e
8103,8103,8103,8103,8103,8103,8103,8103,8103,8103,8103,8103,8103,8136,16053219,550.0,4,2,2,$550,"13 Cultivation Circuit, Clyde VIC 3978",House,live,2390.0,Requires Manual Inspection,R,e
8143,8143,8143,8143,8143,8143,8143,8143,8143,8143,8143,8143,8143,8177,16052970,430.0,4,2,2,$430,"27 Rainier Drive, Truganina VIC 3029",House,live,1868.0,Requires Manual Inspection,R,e
8144,8144,8144,8144,8144,8144,8144,8144,8144,8144,8144,8144,8144,8178,16052965,630.0,2,2,1,$630 per week,"221/378-390 Saint Georges Road, Fitzroy North VIC 3068",Apartment / Unit / Flat,live,2737.0,Requires Manual Inspection,R,e
8145,8145,8145,8145,8145,8145,8145,8145,8145,8145,8145,8145,8145,8179,16052956,590.0,3,3,2,"$590 PW / $2,564 PCM","67 Selbourne Street, Exford VIC 3338",House,live,2564.0,Requires Manual Inspection,R,e
8244,8244,8244,8244,8244,8244,8244,8244,8244,8244,8244,8244,8244,8278,16052309,475.0,3,2,2,$475 pw,"128 Stonehill Drive, Bacchus Marsh VIC 3340",House,live,2064.0,Requires Manual Inspection,R,e
8263,8263,8263,8263,8263,8263,8263,8263,8263,8263,8263,8263,8263,8297,16051901,400.0,1,1,1,$400 wk,"13 1137-1139 Doncaster Road, Donvale VIC 3111",Apartment / Unit / Flat,live,1739.0,Requires Manual Inspection,R,e
8266,8266,8266,8266,8266,8266,8266,8266,8266,8266,8266,8266,8266,8300,16051886,370.0,2,1,1,$370 per week,"1/54 Oreilly Road, Tarneit VIC 3029",House,live,1608.0,Requires Manual Inspection,R,e
8356,8356,8356,8356,8356,8356,8356,8356,8356,8356,8356,8356,8356,8390,16051246,410.0,3,2,2,$410.00 per week,"21 South Hampton Drive, Point Cook VIC 3030",House,live,1782.0,Requires Manual Inspection,R,e
8370,8370,8370,8370,8370,8370,8370,8370,8370,8370,8370,8370,8370,8404,16051135,420.0,3,2,2,$420 per week,"1 Langer Road, Deanside VIC 3336",House,live,1825.0,Requires Manual Inspection,R,e
8412,8412,8412,8412,8412,8412,8412,8412,8412,8412,8412,8412,8412,8446,16050747,370.0,2,2,1,$370 per week ($1608 pcm),"37 Joey Crescent, Deanside VIC 3336",Townhouse,live,1608.0,Requires Manual Inspection,R,e
8465,8465,8465,8465,8465,8465,8465,8465,8465,8465,8465,8465,8465,8500,14489154,440.0,3,2,2,$440,"8 Cyan Walk, Craigieburn VIC 3064",Townhouse,live,1912.0,Requires Manual Inspection,R,e
8520,8520,8520,8520,8520,8520,8520,8520,8520,8520,8520,8520,8520,8555,14273099,400.0,2,1,1,$400 per week,"132/115 Neerim Road, Glen Huntly VIC 3163",Apartment / Unit / Flat,live,1738.0,Requires Manual Inspection,R,e
8539,8539,8539,8539,8539,8539,8539,8539,8539,8539,8539,8539,8539,8574,16049768,430.0,4,2,2,$430 per week,"15 Sprinter Way, Winter Valley VIC 3358",House,live,1868.0,Requires Manual Inspection,R,e
8543,8543,8543,8543,8543,8543,8543,8543,8543,8543,8543,8543,8543,8578,16049754,485.0,3,1,1,$485 weekly,"4/14 Wrexham Rd, Prahran VIC 3181",Apartment / Unit / Flat,live,2107.0,Requires Manual Inspection,R,e
8545,8545,8545,8545,8545,8545,8545,8545,8545,8545,8545,8545,8545,8580,16049739,385.0,1,1,1,$385.00,"31/219-227 Auburn Road, Hawthorn East VIC 3123",Apartment / Unit / Flat,live,1673.0,Requires Manual Inspection,R,e
8549,8549,8549,8549,8549,8549,8549,8549,8549,8549,8549,8549,8549,8584,15450947,500.0,4,2,4,$500,"80 Pobblebonk Crescent, Clyde North VIC 3978",House,live,2173.0,Requires Manual Inspection,R,e
8558,8558,8558,8558,8558,8558,8558,8558,8558,8558,8558,8558,8558,8593,16049693,500.0,4,2,2,$500 per week,"18 Fawkner Crescent, Armstrong Creek VIC 3217",House,live,2216.0,Requires Manual Inspection,R,e
8587,8587,8587,8587,8587,8587,8587,8587,8587,8587,8587,8587,8587,8622,16049385,380.0,3,2,2,$380 per week,"6 Jasper Way, Strathtulloh VIC 3338",House,live,1651.0,Requires Manual Inspection,R,e
8675,8675,8675,8675,8675,8675,8675,8675,8675,8675,8675,8675,8675,8710,16048543,830.0,3,2,1,$830 weekly,"32 Jessie St, Richmond VIC 3121",Townhouse,live,3607.0,Requires Manual Inspection,R,e
8678,8678,8678,8678,8678,8678,8678,8678,8678,8678,8678,8678,8678,8713,16048516,430.0,4,2,2,$430 per week,"1 Somers Street, Plumpton VIC 3335",House,live,1868.0,Requires Manual Inspection,R,e
8699,8699,8699,8699,8699,8699,8699,8699,8699,8699,8699,8699,8699,8734,16048249,250.0,2,1,0,$250,"rear/25 Alfreida St, St Albans VIC 3021",Apartment / Unit / Flat,live,1086.0,Requires Manual Inspection,R,e
8721,8721,8721,8721,8721,8721,8721,8721,8721,8721,8721,8721,8721,8756,16048105,480.0,1,1,1,$480 weekly,"109/6 Station St, Caulfield North VIC 3161",Apartment / Unit / Flat,live,2086.0,Requires Manual Inspection,R,e
8728,8728,8728,8728,8728,8728,8728,8728,8728,8728,8728,8728,8728,8763,16048055,450.0,3,2,2,$450,"15 Bellvue drive, Truganina VIC 3029",House,live,1950.0,Requires Manual Inspection,R,e
8748,8748,8748,8748,8748,8748,8748,8748,8748,8748,8748,8748,8748,8783,16047758,500.0,4,2,2,$500 weekly,"20 Saltbreeze Boulevarde, Armstrong Creek VIC 3217",House,live,2172.0,Requires Manual Inspection,R,e
8813,8813,8813,8813,8813,8813,8813,8813,8813,8813,8813,8813,8813,8848,16047005,410.0,4,2,2,$410.00,"67 Heidelberg Street, Mambourin VIC 3024",House,live,1782.0,Requires Manual Inspection,R,e
8841,8841,8841,8841,8841,8841,8841,8841,8841,8841,8841,8841,8841,8876,16046621,395.0,4,2,2,$395 per week pw,"9 Maracana Circuit, Melton South VIC 3338",House,live,1716.0,Requires Manual Inspection,R,e
8907,8907,8907,8907,8907,8907,8907,8907,8907,8907,8907,8907,8907,8942,16045871,350.0,3,1,1,$350 per week,"33 Gum Road, St Albans VIC 3021",House,live,1520.0,Requires Manual Inspection,R,e
8966,8966,8966,8966,8966,8966,8966,8966,8966,8966,8966,8966,8966,9001,16045357,440.0,4,2,2,$440,"41 Joey crescent, Deanside VIC 3336",House,live,1906.0,Requires Manual Inspection,R,e
8980,8980,8980,8980,8980,8980,8980,8980,8980,8980,8980,8980,8980,9015,16045176,390.0,3,2,2,$390 pw,"14 Barleysheaf Drive, Miners Rest VIC 3352",House,live,1560.0,Requires Manual Inspection,R,e
9011,9011,9011,9011,9011,9011,9011,9011,9011,9011,9011,9011,9011,9046,16044525,1050.0,5,3,2,"$1,050.00","14 Hardwicke Street, Balwyn VIC 3103",House,live,5250.0,Requires Manual Inspection,R,e
9025,9025,9025,9025,9025,9025,9025,9025,9025,9025,9025,9025,9025,9060,16044378,475.0,3,2,2,$475,"6 Fawkner Crescent, Armstrong Creek VIC 3217",House,live,2064.0,Requires Manual Inspection,R,e
9027,9027,9027,9027,9027,9027,9027,9027,9027,9027,9027,9027,9027,9062,9473178,375.0,3,2,1,$375.00 per week,"28 Little Windrock Avenue, Craigieburn VIC 3064",Townhouse,live,1629.0,Requires Manual Inspection,R,e
9037,9037,9037,9037,9037,9037,9037,9037,9037,9037,9037,9037,9037,9072,16044268,450.0,4,2,2,$450 pw,"33 Walters Way, Alfredton VIC 3350",House,live,1950.0,Requires Manual Inspection,R,e
9048,9048,9048,9048,9048,9048,9048,9048,9048,9048,9048,9048,9048,9083,16044172,485.0,4,3,2,$485 pwk,"9 Lockerbie Street, Kalkallo VIC 3064",House,live,2107.0,Requires Manual Inspection,R,e
9069,9069,9069,9069,9069,9069,9069,9069,9069,9069,9069,9069,9069,9104,16043957,450.0,4,2,2,$450,"6 Darling Street, Donnybrook VIC 3064",House,live,1955.0,Requires Manual Inspection,R,e
9091,9091,9091,9091,9091,9091,9091,9091,9091,9091,9091,9091,9091,9127,16043720,400.0,1,1,0,$400 per week,"712/478 Saint Kilda Road, Melbourne VIC 3000",Apartment / Unit / Flat,live,1738.0,Requires Manual Inspection,R,e
9142,9142,9142,9142,9142,9142,9142,9142,9142,9142,9142,9142,9142,9178,16043148,495.0,3,3,1,$495,"3/13 Hurtle Street, Thomastown VIC 3074",Townhouse,live,2151.0,Requires Manual Inspection,R,e
9178,9178,9178,9178,9178,9178,9178,9178,9178,9178,9178,9178,9178,9214,16042809,430.0,2,1,1,$430 per week,"1/2 Clan Brae Avenue, Burwood VIC 3125",Apartment / Unit / Flat,live,1868.0,Requires Manual Inspection,R,e
9274,9274,9274,9274,9274,9274,9274,9274,9274,9274,9274,9274,9274,9310,16041915,460.0,2,1,1,$460 per week,"6/667 Glenhuntly Road, Caulfield VIC 3162",Apartment / Unit / Flat,live,1998.0,Requires Manual Inspection,R,e
9288,9288,9288,9288,9288,9288,9288,9288,9288,9288,9288,9288,9288,9324,16041699,310.0,1,1,1,$310,"9/22 Crimea Street, St Kilda East VIC 3183",Apartment / Unit / Flat,live,1347.0,Requires Manual Inspection,R,e
9302,9302,9302,9302,9302,9302,9302,9302,9302,9302,9302,9302,9302,9338,16041536,380.0,3,1,2,$380,"295 Labertouche Road, Labertouche VIC 3816",House,live,1651.0,Requires Manual Inspection,R,e
9358,9358,9358,9358,9358,9358,9358,9358,9358,9358,9358,9358,9358,9394,16040934,500.0,3,2,1,$500,"7 Lynne Street, Seaford VIC 3198",House,live,2173.0,Requires Manual Inspection,R,e
9397,9397,9397,9397,9397,9397,9397,9397,9397,9397,9397,9397,9397,9433,16040547,460.0,4,2,2,$460 Per Week,"16 Tassel Drive, Warragul VIC 3820",House,live,1999.0,Requires Manual Inspection,R,e
9439,9439,9439,9439,9439,9439,9439,9439,9439,9439,9439,9439,9439,9475,16040104,400.0,4,2,2,$400 per week ($1738 pcm),"14 Trafalgar Street, Strathtulloh VIC 3338",House,live,1738.0,Requires Manual Inspection,R,e
9658,9658,9658,9658,9658,9658,9658,9658,9658,9658,9658,9658,9658,9694,7013075,1300.0,4,3,2,"$1,300","46 Pickle St, Albert Park VIC 3206",House,live,5659.0,Requires Manual Inspection,R,e
9703,9703,9703,9703,9703,9703,9703,9703,9703,9703,9703,9703,9703,9739,16036880,775.0,2,1,0,$775.00,"Upstairs 173 Brunswick Street, Fitzroy VIC 3065",Apartment / Unit / Flat,live,3454.0,Requires Manual Inspection,R,e
9754,9754,9754,9754,9754,9754,9754,9754,9754,9754,9754,9754,9754,9790,16036261,400.0,4,2,2,$400 per week,"22 Foxtail Circuit, Wallan VIC 3756",House,live,1738.0,Requires Manual Inspection,R,e
9791,9791,9791,9791,9791,9791,9791,9791,9791,9791,9791,9791,9791,9827,16035753,600.0,4,2,2,$600.00 per week,"18 Elphicks Way, Mildura VIC 3500",House,live,2600.0,Requires Manual Inspection,R,e
9827,9827,9827,9827,9827,9827,9827,9827,9827,9827,9827,9827,9827,9863,16035265,440.0,4,2,2,$440 Per Week,"2 Alkington Street, Strathtulloh VIC 3338",House,live,1912.0,Requires Manual Inspection,R,e
9836,9836,9836,9836,9836,9836,9836,9836,9836,9836,9836,9836,9836,9872,16035077,365.0,3,2,1,$365 pw,"113 West Melton Drive, Melton West VIC 3337",House,live,1582.0,Requires Manual Inspection,R,e
9930,9930,9930,9930,9930,9930,9930,9930,9930,9930,9930,9930,9930,9966,16033697,420.0,3,2,1,$420 per week,"13 Orton Crescent, Bacchus Marsh VIC 3340",House,live,1820.0,Requires Manual Inspection,R,e
10012,10012,10012,10012,10012,10012,10012,10012,10012,10012,10012,10012,10012,10048,16032362,550.0,2,2,1,$550 per week,"4/147 Risby Lane, Mildura VIC 3500",Townhouse,live,2383.0,Requires Manual Inspection,R,e
10065,10065,10065,10065,10065,10065,10065,10065,10065,10065,10065,10065,10065,10101,16031862,480.0,2,2,1,$480PW,"112b/57 Middlebourough Road, Burwood VIC 3125",Apartment / Unit / Flat,live,2086.0,Requires Manual Inspection,R,e
10105,10105,10105,10105,10105,10105,10105,10105,10105,10105,10105,10105,10105,10141,16031217,580.0,3,1,0,$580 Per Week,"3 Albert Street, Prahran VIC 3181",House,live,2520.0,Requires Manual Inspection,R,e
10116,10116,10116,10116,10116,10116,10116,10116,10116,10116,10116,10116,10116,10152,16031034,420.0,4,2,2,$420,"23 Loxwood Drive, Deer Park VIC 3023",House,live,1820.0,Requires Manual Inspection,R,e
10126,10126,10126,10126,10126,10126,10126,10126,10126,10126,10126,10126,10126,10162,16030846,330.0,2,1,0,$330 per week,"25 Sunglow Avenue, Golden Beach VIC 3851",House,live,1320.0,Requires Manual Inspection,R,e
10144,10144,10144,10144,10144,10144,10144,10144,10144,10144,10144,10144,10144,10180,13586548,450.0,1,1,1,$450,"A311/2 Caufield Boulevard, Caulfield North VIC 3161",Apartment / Unit / Flat,live,1955.0,Requires Manual Inspection,R,e
10149,10149,10149,10149,10149,10149,10149,10149,10149,10149,10149,10149,10149,10185,11935961,285.0,1,1,1,$285,"2/99 NEERIM ROAD, Glen Huntly VIC 3163",Apartment / Unit / Flat,live,1235.0,Requires Manual Inspection,R,e
10170,10170,10170,10170,10170,10170,10170,10170,10170,10170,10170,10170,10170,10206,16030065,430.0,4,2,2,$430,"17 Rainier Drv, Truganina VIC 3029",House,live,1863.0,Requires Manual Inspection,R,e
10308,10308,10308,10308,10308,10308,10308,10308,10308,10308,10308,10308,10308,10345,16028030,500.0,2,1,0,$500 per week,"508/616 Little Collins Street Street, Melbourne VIC 3000",Apartment / Unit / Flat,live,2173.0,Requires Manual Inspection,R,e
10483,10483,10483,10483,10483,10483,10483,10483,10483,10483,10483,10483,10483,10521,16025145,530.0,2,2,1,$530.00,"101/687 Glenhuntly Road, Caulfield South VIC 3162",Apartment / Unit / Flat,live,2303.0,Requires Manual Inspection,R,e
10551,10551,10551,10551,10551,10551,10551,10551,10551,10551,10551,10551,10551,10591,12893014,440.0,3,2,2,$440,"20 Fagg Street, East Geelong VIC 3219",House,live,1912.0,Requires Manual Inspection,R,e
10573,10573,10573,10573,10573,10573,10573,10573,10573,10573,10573,10573,10573,10613,16023474,350.0,3,1,2,$350.00 Per Week,"1/55 Ivanhoe Street, St Albans VIC 3021",House,live,1564.0,Requires Manual Inspection,R,e
10591,10591,10591,10591,10591,10591,10591,10591,10591,10591,10591,10591,10591,10631,16023047,600.0,4,2,2,$600 weekly,"17 Glen Cairn Avenue, Ringwood VIC 3134",House,live,2607.0,Requires Manual Inspection,R,e
10712,10712,10712,10712,10712,10712,10712,10712,10712,10712,10712,10712,10712,10753,16020013,160.0,1,1,0,$160.00,"B30 BERTH MARTHA COVE MARINA, Safety Beach VIC 3936",House,live,200.0,Requires Manual Inspection,R,e
10814,10814,10814,10814,10814,10814,10814,10814,10814,10814,10814,10814,10814,10855,16017664,450.0,4,2,2,$450 pw,"12 Delphinus Crescent, Roxburgh Park VIC 3064",House,live,1950.0,Requires Manual Inspection,R,e
10883,10883,10883,10883,10883,10883,10883,10883,10883,10883,10883,10883,10883,10924,16016234,425.0,4,2,2,$425/week,"56 Curtin Dr, Deanside VIC 3336",House,live,1847.0,Requires Manual Inspection,R,e
10884,10884,10884,10884,10884,10884,10884,10884,10884,10884,10884,10884,10884,10925,16016202,400.0,3,1,2,$400,"46 Cleek Street, Oakleigh South VIC 3167",House,live,1739.0,Requires Manual Inspection,R,e
10890,10890,10890,10890,10890,10890,10890,10890,10890,10890,10890,10890,10890,10931,16016031,490.0,4,2,2,$490 per week!!,"6 Anandway, Deanside VIC 3336",House,recentlyUpdated,2129.0,Requires Manual Inspection,R,e
10905,10905,10905,10905,10905,10905,10905,10905,10905,10905,10905,10905,10905,10946,16015693,455.0,2,1,0,$455.00,"8/12 Wyuna Street, Caulfield North VIC 3161",Townhouse,live,1977.0,Requires Manual Inspection,R,e
10962,10962,10962,10962,10962,10962,10962,10962,10962,10962,10962,10962,10962,11005,16014424,590.0,3,1,1,$590 per week,"300 Latrobe Terrace, Newtown VIC 3220",House,live,2564.0,Requires Manual Inspection,R,e
10970,10970,10970,10970,10970,10970,10970,10970,10970,10970,10970,10970,10970,11013,15507008,530.0,4,1,2,$530,"1 Whalers Court, Portland VIC 3305",House,live,2296.0,Requires Manual Inspection,R,e
10977,10977,10977,10977,10977,10977,10977,10977,10977,10977,10977,10977,10977,11020,16013926,550.0,2,2,2,$550.00,"304/1240 Glenhuntly Road, Glen Huntly VIC 3163",Apartment / Unit / Flat,live,2390.0,Requires Manual Inspection,R,e
10978,10978,10978,10978,10978,10978,10978,10978,10978,10978,10978,10978,10978,11021,16013824,850.0,4,2,2,$850 per week,"70 Stacey's Road, Anakie VIC 3213",House,live,3694.0,Requires Manual Inspection,R,e
11005,11005,11005,11005,11005,11005,11005,11005,11005,11005,11005,11005,11005,11049,16012885,650.0,2,1,0,$650 pw,"4203/318 Rusell Street, Melbourne VIC 3000",Apartment / Unit / Flat,live,2825.0,Requires Manual Inspection,R,e
11015,11015,11015,11015,11015,11015,11015,11015,11015,11015,11015,11015,11015,11059,16012550,470.0,4,2,2,$470,"9 Silver Street, Donnybrook VIC 3064",House,live,2036.0,Requires Manual Inspection,R,e
11031,11031,11031,11031,11031,11031,11031,11031,11031,11031,11031,11031,11031,11075,16012166,395.0,2,1,1,$395.00 Per Week,"149/115 Neerim Road, Glen Huntly VIC 3163",Apartment / Unit / Flat,live,1716.0,Requires Manual Inspection,R,e
11073,11073,11073,11073,11073,11073,11073,11073,11073,11073,11073,11073,11073,11117,16011148,530.0,4,2,2,$530,"9 Limestone Way, Ocean Grove VIC 3226",House,live,2296.0,Requires Manual Inspection,R,e
11143,11143,11143,11143,11143,11143,11143,11143,11143,11143,11143,11143,11143,11190,16009238,280.0,2,1,1,$280.00,"1/607 Talbot Street South Street, Redan VIC 3350",House,live,1256.0,Requires Manual Inspection,R,e
11182,11182,11182,11182,11182,11182,11182,11182,11182,11182,11182,11182,11182,11229,16008213,440.0,3,1,2,$440.00,"88 Rim Cross Drive, Avondale Heights VIC 3034",Townhouse,live,1912.0,Requires Manual Inspection,R,e
11233,11233,11233,11233,11233,11233,11233,11233,11233,11233,11233,11233,11233,11280,16006842,500.0,4,2,2,$500,"5 Mawbey Way, Wollert VIC 3750",House,live,2173.0,Requires Manual Inspection,R,e
11255,11255,11255,11255,11255,11255,11255,11255,11255,11255,11255,11255,11255,11302,16006243,400.0,4,2,2,$400,"56 Long Forest Avenue, Melton West VIC 3337",House,live,1738.0,Requires Manual Inspection,R,e
11327,11327,11327,11327,11327,11327,11327,11327,11327,11327,11327,11327,11327,11374,14862497,380.0,3,1,1,$380,"33 Winslow Crst, Deer Park VIC 3023",House,live,1651.0,Requires Manual Inspection,R,e
11340,11340,11340,11340,11340,11340,11340,11340,11340,11340,11340,11340,11340,11387,16003099,470.0,4,2,2,$470 pw,"12 Darling Street, Donnybrook VIC 3064",House,live,2042.0,Requires Manual Inspection,R,e
11392,11392,11392,11392,11392,11392,11392,11392,11392,11392,11392,11392,11392,11440,10444606,770.0,2,1,1,$770,"4303/483 Swanstone Street, Melbourne VIC 3000",Apartment / Unit / Flat,live,3346.0,Requires Manual Inspection,R,e
11498,11498,11498,11498,11498,11498,11498,11498,11498,11498,11498,11498,11498,11546,15998026,410.0,2,2,1,$410 per week,"9 Coupling Way, Glenroy VIC 3046",Townhouse,live,1777.0,Requires Manual Inspection,R,e
11540,11540,11540,11540,11540,11540,11540,11540,11540,11540,11540,11540,11540,11588,14120146,325.0,3,1,4,$325,"Lot 1, 83 Jacaranda Street, Red Cliffs VIC 3496",House,live,1408.0,Requires Manual Inspection,R,e
11544,11544,11544,11544,11544,11544,11544,11544,11544,11544,11544,11544,11544,11592,15996104,410.0,4,2,2,$410 per week,"13 Stringybark Drive, Donnybrook VIC 3064",House,live,1782.0,Requires Manual Inspection,R,e
11559,11559,11559,11559,11559,11559,11559,11559,11559,11559,11559,11559,11559,11607,9107042,660.0,3,2,2,$660 Per Week,"1/5 Jelliecoe Street, Cheltenham VIC 3192",Townhouse,live,2868.0,Requires Manual Inspection,R,e
11568,11568,11568,11568,11568,11568,11568,11568,11568,11568,11568,11568,11568,11617,15629291,460.0,4,2,2,$460 per week,"6 Dwarf Road, Kalkallo VIC 3064",House,live,1999.0,Requires Manual Inspection,R,e
11625,11625,11625,11625,11625,11625,11625,11625,11625,11625,11625,11625,11625,11675,15992990,525.0,2,1,0,$525.00,"1 Cyril Street, Prahran VIC 3181",Apartment / Unit / Flat,live,2281.0,Requires Manual Inspection,R,e
11655,11655,11655,11655,11655,11655,11655,11655,11655,11655,11655,11655,11655,11705,15991775,500.0,6,2,2,$500 Per Week,"126-128 Faithful Street, Benalla VIC 3672",House,live,2166.0,Requires Manual Inspection,R,e
11704,11704,11704,11704,11704,11704,11704,11704,11704,11704,11704,11704,11704,11754,15989318,470.0,2,1,1,$470 pw,"102/8 Station Street, Caulfield North VIC 3161",Apartment / Unit / Flat,live,2042.0,Requires Manual Inspection,R,e
11764,11764,11764,11764,11764,11764,11764,11764,11764,11764,11764,11764,11764,11814,15986854,450.0,3,1,3,$450,"14 Hunsford Road, Notting Hill VIC 3168",House,live,1955.0,Requires Manual Inspection,R,e
11788,11788,11788,11788,11788,11788,11788,11788,11788,11788,11788,11788,11788,11838,15985608,430.0,1,1,0,$430.00,"901/36 La Trobe, Melbourne VIC 3000",Apartment / Unit / Flat,live,1868.0,Requires Manual Inspection,R,e
11835,11835,11835,11835,11835,11835,11835,11835,11835,11835,11835,11835,11835,11886,15938128,410.0,2,1,1,$410 Per Week,"3/9 Ohea Street, Coburg VIC 3058",Apartment / Unit / Flat,live,1782.0,Requires Manual Inspection,R,e
11852,11852,11852,11852,11852,11852,11852,11852,11852,11852,11852,11852,11852,11903,15935634,600.0,3,1,1,$600 per week,"1 Gough Street, Richmond VIC 3121",House,recentlyUpdated,2607.0,Requires Manual Inspection,R,e
11940,11940,11940,11940,11940,11940,11940,11940,11940,11940,11940,11940,11940,11998,15691796,500.0,2,1,3,$500 PER WEEK,"14 HOLLY NELLY LANE, Marlo VIC 3888",House,live,2166.0,Requires Manual Inspection,R,e
11959,11959,11959,11959,11959,11959,11959,11959,11959,11959,11959,11959,11959,12017,15921480,440.0,3,1,3,$440 per week,"5/167-173 Oshanassy Street, Sunbury VIC 3429",Townhouse,live,2500.0,Requires Manual Inspection,R,e
11998,11998,11998,11998,11998,11998,11998,11998,11998,11998,11998,11998,11998,12058,15916401,465.0,4,2,2,$465.00 per week,"9 Moritz Drive, Winter Valley VIC 3358",House,live,2015.0,Requires Manual Inspection,R,e
12023,12023,12023,12023,12023,12023,12023,12023,12023,12023,12023,12023,12023,12084,15913057,495.0,2,1,0,$495 Per Week,"30 Earl Street, Prahran VIC 3181",House,live,2151.0,Requires Manual Inspection,R,e
12059,12059,12059,12059,12059,12059,12059,12059,12059,12059,12059,12059,12059,12121,15907252,860.0,3,1,4,$860,"2045 Colac-Forrest Road, Gerangamete VIC 3249",House,live,3440.0,Requires Manual Inspection,R,e
12062,12062,12062,12062,12062,12062,12062,12062,12062,12062,12062,12062,12062,12124,15906763,570.0,2,1,0,$570,"1813/628 Flinder Street, Docklands VIC 3008",Apartment / Unit / Flat,live,2607.0,Requires Manual Inspection,R,e
12099,12099,12099,12099,12099,12099,12099,12099,12099,12099,12099,12099,12099,12161,15899401,395.0,2,1,0,$395.00,"4/2 Lisson Grove, Hawthorn East VIC 3123",Apartment / Unit / Flat,live,1716.0,Requires Manual Inspection,R,e
12100,12100,12100,12100,12100,12100,12100,12100,12100,12100,12100,12100,12100,12162,15899218,750.0,3,1,1,$750 per week,"4 Crimea Street, Richmond VIC 3121",House,live,3259.0,Requires Manual Inspection,R,e
12123,12123,12123,12123,12123,12123,12123,12123,12123,12123,12123,12123,12123,12187,15847220,400.0,1,1,1,$400 weekly,"114/6 Station Street, Caulfield North VIC 3161",Apartment / Unit / Flat,live,1738.0,Requires Manual Inspection,R,e
12138,12138,12138,12138,12138,12138,12138,12138,12138,12138,12138,12138,12138,12202,15622567,440.0,4,2,2,$440,"5 Ravenswood Way, Craigieburn VIC 3064",House,live,1906.0,Requires Manual Inspection,R,e
12150,12150,12150,12150,12150,12150,12150,12150,12150,12150,12150,12150,12150,12216,15834798,440.0,2,1,1,$440pw/$1912pcm,"9/14 Abeckett Street, Prahran VIC 3181",Apartment / Unit / Flat,live,1912.0,Requires Manual Inspection,R,e
12171,12171,12171,12171,12171,12171,12171,12171,12171,12171,12171,12171,12171,12238,15827083,395.0,2,1,2,$395 per week,"1/59 Truman Street, Spotswood VIC 3015",Apartment / Unit / Flat,live,1712.0,Requires Manual Inspection,R,e
12261,12261,12261,12261,12261,12261,12261,12261,12261,12261,12261,12261,12261,12335,11325975,1000.0,3,1,0,"$1000 pw High, $650 pw Low, $160 pn","13 Doongarra Avenue, St Leonards VIC 3223",House,live,1000.0,Requires Manual Inspection,R,e
12271,12271,12271,12271,12271,12271,12271,12271,12271,12271,12271,12271,12271,12345,15777802,350.0,3,2,2,$350.00,"51 Marble Drive, Melton South VIC 3338",House,live,1516.0,Requires Manual Inspection,R,e
12290,12290,12290,12290,12290,12290,12290,12290,12290,12290,12290,12290,12290,12365,15763229,175.0,1,1,0,$175 per week,"Shed 1/116 Pasley Street, Bundalong South VIC 3730",House,live,760.0,Requires Manual Inspection,R,e
12328,12328,12328,12328,12328,12328,12328,12328,12328,12328,12328,12328,12328,12404,15727062,520.0,2,1,1,$520 PW/ $2260 PCM,"2/3 Inglisby Road, Mont Albert North VIC 3129",Apartment / Unit / Flat,live,2260.0,Requires Manual Inspection,R,e
12349,12349,12349,12349,12349,12349,12349,12349,12349,12349,12349,12349,12349,12426,15650076,250.0,2,1,2,$250,"2/28 Sailisbury, Werribee VIC 3030",Apartment / Unit / Flat,live,1086.0,Requires Manual Inspection,R,e
12358,12358,12358,12358,12358,12358,12358,12358,12358,12358,12358,12358,12358,12435,15622026,600.0,2,1,1,$600 per week,"1008/77-89 A`Beckett, Melbourne VIC 3000",Apartment / Unit / Flat,live,4.0,Requires Manual Inspection,R,e
